Petr,Ivanov,21
Ivan,Ivanov,18
Ksu,Petrova,32
Petr,Ivanov,21
Ivan,Ivanov,18
Ksu,Petrova,32
Petr,Ivanov,21
Ivan,Ivanov,18
Ksu,Petrova,32
Petr,Ivanov,21
Ivan,Ivanov,18
Ksu,Petrova,32
Petr,Ivanov,21
Ivan,Ivanov,18
Ksu,Petrova,32
Petr,Ivanov,21
Ivan,Ivanov,18
Ksu,Petrova,32
Petr,Ivanov,21
Ivan,Ivanov,18
Ksu,Petrova,32
Petr,Ivanov,21
Ivan,Ivanov,18
Ksu,Petrova,32
Petr,Ivanov,21
Ivan,Ivanov,18
Ksu,Petrova,32
Petr,Ivanov,21
Ivan,Ivanov,18
Ksu,Petrova,32
Petr,Ivanov,21
Ivan,Ivanov,18
Ksu,Petrova,32
Petr,Ivanov,21
Ivan,Ivanov,18
Ksu,Petrova,32
Petr,Ivanov,21
Ivan,Ivanov,18
Ksu,Petrova,32
Petr,Ivanov,21
Ivan,Ivanov,18
Ksu,Petrova,32
